Timestamp,Source
1784169476473,Front
1784169476506,Front
1784169476540,Front
1784169476573,Front
1784169476606,Front
1784169476640,Front
1784169476673,Front
1784169476706,Front
1784169476740,Front
1784169476773,Front
1784169476806,Front
1784169476840,Front
1784169476873,Front
1784169476906,Front
1784169476940,Front
1784169476973,Front
1784169477006,Front
1784169477040,Front
1784169477073,Front
1784169477106,Front
1784169477140,Front
1784169477173,Front
1784169477206,Front
1784169477240,Front
1784169477273,Front
1784169477306,Front
1784169477340,Front
1784169477373,Front
1784169477406,Front
1784169477440,Front
1784169476459,Back
1784169476493,Back
1784169476526,Back
1784169476560,Back
1784169476593,Back
1784169476626,Back
1784169476660,Back
1784169476693,Back
1784169476726,Back
1784169476760,Back
1784169476793,Back
1784169476826,Back
1784169476860,Back
1784169476893,Back
1784169476926,Back
1784169476960,Back
1784169476993,Back
1784169477026,Back
1784169477060,Back
1784169477093,Back
1784169477126,Back
1784169477160,Back
1784169477193,Back
1784169477226,Back
1784169477260,Back
1784169477293,Back
1784169477326,Back
1784169477360,Back
1784169477393,Back
1784169477427,Back
1784169477460,Back
1784169477473,Front
1784169477507,Front
1784169477540,Front
1784169477573,Front
1784169477607,Front
1784169477640,Front
1784169477673,Front
1784169477707,Front
1784169477740,Front
1784169477773,Front
1784169477807,Front
1784169477840,Front
1784169477873,Front
1784169477907,Front
1784169477940,Front
1784169477973,Front
1784169478007,Front
1784169478040,Front
1784169478073,Front
1784169478107,Front
1784169478140,Front
1784169478173,Front
1784169478207,Front
1784169478240,Front
1784169478273,Front
1784169478307,Front
1784169478340,Front
1784169478373,Front
1784169478407,Front
1784169478440,Front
1784169477493,Back
1784169477527,Back
1784169477560,Back
1784169477593,Back
1784169477627,Back
1784169477660,Back
1784169477693,Back
1784169477727,Back
1784169477760,Back
1784169477793,Back
1784169477827,Back
1784169477860,Back
1784169477893,Back
1784169477927,Back
1784169477960,Back
1784169477993,Back
1784169478027,Back
1784169478060,Back
1784169478093,Back
1784169478127,Back
1784169478160,Back
1784169478193,Back
1784169478227,Back
1784169478260,Back
1784169478294,Back
1784169478327,Back
1784169478360,Back
1784169478394,Back
1784169478427,Back
1784169478460,Back
1784169478473,Front
1784169478507,Front
1784169478540,Front
1784169478573,Front
1784169478607,Front
1784169478640,Front
1784169478673,Front
1784169478707,Front
1784169478740,Front
1784169478773,Front
1784169478807,Front
1784169478840,Front
1784169478873,Front
1784169478907,Front
1784169478940,Front
1784169478973,Front
1784169479007,Front
1784169479040,Front
1784169479073,Front
1784169479107,Front
1784169479140,Front
1784169479173,Front
1784169479207,Front
1784169479240,Front
1784169479273,Front
1784169479307,Front
1784169479340,Front
1784169479373,Front
1784169479407,Front
1784169479440,Front
1784169478494,Back
1784169478527,Back
1784169478560,Back
1784169478594,Back
1784169478627,Back
1784169478660,Back
1784169478694,Back
1784169478727,Back
1784169478760,Back
1784169478794,Back
1784169478827,Back
1784169478860,Back
1784169478894,Back
1784169478927,Back
1784169478960,Back
1784169478994,Back
1784169479027,Back
1784169479060,Back
1784169479094,Back
1784169479127,Back
1784169479161,Back
1784169479194,Back
1784169479227,Back
1784169479261,Back
1784169479294,Back
1784169479327,Back
1784169479361,Back
1784169479394,Back
1784169479427,Back
1784169479461,Back
1784169479473,Front
1784169479507,Front
1784169479540,Front
1784169479573,Front
1784169479607,Front
1784169479640,Front
1784169479673,Front
1784169479707,Front
1784169479740,Front
1784169479773,Front
1784169479807,Front
1784169479840,Front
1784169479873,Front
1784169479907,Front
1784169479940,Front
1784169479973,Front
1784169480007,Front
1784169480040,Front
1784169480073,Front
1784169480107,Front
1784169480140,Front
1784169480173,Front
1784169480207,Front
1784169480240,Front
1784169480273,Front
1784169480307,Front
1784169480340,Front
1784169480373,Front
1784169480407,Front
1784169480440,Front
1784169480473,Front
1784169479494,Back
1784169479527,Back
1784169479561,Back
1784169479594,Back
1784169479627,Back
1784169479661,Back
1784169479694,Back
1784169479727,Back
1784169479761,Back
1784169479794,Back
1784169479827,Back
1784169479861,Back
1784169479894,Back
1784169479927,Back
1784169479961,Back
1784169479994,Back
1784169480028,Back
1784169480061,Back
1784169480094,Back
1784169480128,Back
1784169480161,Back
1784169480194,Back
1784169480228,Back
1784169480261,Back
1784169480294,Back
1784169480328,Back
1784169480361,Back
1784169480394,Back
1784169480428,Back
1784169480461,Back
1784169480507,Front
1784169480540,Front
1784169480573,Front
1784169480607,Front
1784169480640,Front
1784169480673,Front
1784169480707,Front
1784169480740,Front
1784169480773,Front
1784169480807,Front
1784169480840,Front
1784169480873,Front
1784169480907,Front
1784169480940,Front
1784169480973,Front
1784169481007,Front
1784169481040,Front
1784169481073,Front
1784169481107,Front
1784169481140,Front
1784169481173,Front
1784169481207,Front
1784169481240,Front
1784169481273,Front
1784169481307,Front
1784169481340,Front
1784169481373,Front
1784169481407,Front
1784169481440,Front
1784169481473,Front
1784169480494,Back
1784169480528,Back
1784169480561,Back
1784169480594,Back
1784169480628,Back
1784169480661,Back
1784169480694,Back
1784169480728,Back
1784169480761,Back
1784169480794,Back
1784169480828,Back
1784169480861,Back
1784169480895,Back
1784169480928,Back
1784169480961,Back
1784169480995,Back
1784169481028,Back
1784169481061,Back
1784169481095,Back
1784169481128,Back
1784169481161,Back
1784169481195,Back
1784169481228,Back
1784169481261,Back
1784169481295,Back
1784169481328,Back
1784169481361,Back
1784169481395,Back
1784169481428,Back
1784169481461,Back
1784169481507,Front
1784169481540,Front
1784169481573,Front
1784169481607,Front
1784169481640,Front
1784169481673,Front
1784169481707,Front
1784169481740,Front
1784169481773,Front
1784169481807,Front
1784169481840,Front
1784169481873,Front
1784169481907,Front
1784169481940,Front
1784169481973,Front
1784169482007,Front
1784169482040,Front
1784169482073,Front
1784169482107,Front
1784169482140,Front
1784169482173,Front
1784169482207,Front
1784169482240,Front
1784169482273,Front
1784169482307,Front
1784169482340,Front
1784169482373,Front
1784169482407,Front
1784169482440,Front
1784169482473,Front
1784169481495,Back
1784169481528,Back
1784169481561,Back
1784169481595,Back
1784169481628,Back
1784169481661,Back
1784169481695,Back
1784169481728,Back
1784169481761,Back
1784169481795,Back
1784169481828,Back
1784169481862,Back
1784169481895,Back
1784169481928,Back
1784169481962,Back
1784169481995,Back
1784169482028,Back
1784169482062,Back
1784169482095,Back
1784169482128,Back
1784169482162,Back
1784169482195,Back
1784169482228,Back
1784169482262,Back
1784169482295,Back
1784169482328,Back
1784169482362,Back
1784169482395,Back
1784169482428,Back
1784169482462,Back
1784169482507,Front
1784169482540,Front
1784169482573,Front
1784169482607,Front
1784169482640,Front
1784169482673,Front
1784169482707,Front
1784169482740,Front
1784169482773,Front
1784169482807,Front
1784169482840,Front
1784169482873,Front
1784169482907,Front
1784169482940,Front
1784169482973,Front
1784169483007,Front
1784169483040,Front
1784169483073,Front
1784169483107,Front
1784169483140,Front
1784169483173,Front
1784169483207,Front
1784169483240,Front
1784169483273,Front
1784169483307,Front
1784169483340,Front
1784169483373,Front
1784169483407,Front
1784169483440,Front
1784169483473,Front
1784169482495,Back
1784169482528,Back
1784169482562,Back
1784169482595,Back
1784169482628,Back
1784169482662,Back
1784169482695,Back
1784169482729,Back
1784169482762,Back
1784169482795,Back
1784169482829,Back
1784169482862,Back
1784169482895,Back
1784169482929,Back
1784169482962,Back
1784169482995,Back
1784169483029,Back
1784169483062,Back
1784169483095,Back
1784169483129,Back
1784169483162,Back
1784169483195,Back
1784169483229,Back
1784169483262,Back
1784169483295,Back
1784169483329,Back
1784169483362,Back
1784169483395,Back
1784169483429,Back
1784169483462,Back
1784169483507,Front
1784169483540,Front
1784169483573,Front
1784169483607,Front
1784169483640,Front
1784169483673,Front
1784169483707,Front
1784169483740,Front
1784169483773,Front
1784169483807,Front
1784169483840,Front
1784169483873,Front
1784169483907,Front
1784169483940,Front
1784169483973,Front
1784169484007,Front
1784169484040,Front
1784169484073,Front
1784169484107,Front
1784169484140,Front
1784169484173,Front
1784169484207,Front
1784169484240,Front
1784169484273,Front
1784169484307,Front
1784169484340,Front
1784169484373,Front
1784169484407,Front
1784169484440,Front
1784169484473,Front
1784169483495,Back
1784169483529,Back
1784169483562,Back
1784169483596,Back
1784169483629,Back
1784169483662,Back
1784169483696,Back
1784169483729,Back
1784169483762,Back
1784169483796,Back
1784169483829,Back
1784169483862,Back
1784169483896,Back
1784169483929,Back
1784169483962,Back
1784169483996,Back
1784169484029,Back
1784169484062,Back
1784169484096,Back
1784169484129,Back
1784169484162,Back
1784169484196,Back
1784169484229,Back
1784169484262,Back
1784169484296,Back
1784169484329,Back
1784169484362,Back
1784169484396,Back
1784169484429,Back
1784169484463,Back
1784169484507,Front
1784169484540,Front
1784169484573,Front
1784169484607,Front
1784169484640,Front
1784169484673,Front
1784169484707,Front
1784169484740,Front
1784169484773,Front
1784169484807,Front
1784169484840,Front
1784169484873,Front
1784169484907,Front
1784169484940,Front
1784169484973,Front
1784169485007,Front
1784169485040,Front
1784169485073,Front
1784169485107,Front
1784169485140,Front
1784169485173,Front
1784169485207,Front
1784169485240,Front
1784169485273,Front
1784169485307,Front
1784169485340,Front
1784169485373,Front
1784169485407,Front
1784169485440,Front
1784169485473,Front
1784169484496,Back
1784169484529,Back
1784169484563,Back
1784169484596,Back
1784169484629,Back
1784169484663,Back
1784169484696,Back
1784169484729,Back
1784169484763,Back
1784169484796,Back
1784169484829,Back
1784169484863,Back
1784169484896,Back
1784169484929,Back
1784169484963,Back
1784169484996,Back
1784169485029,Back
1784169485063,Back
1784169485096,Back
1784169485129,Back
1784169485163,Back
1784169485196,Back
1784169485229,Back
1784169485263,Back
1784169485296,Back
1784169485330,Back
1784169485363,Back
1784169485396,Back
1784169485430,Back
1784169485463,Back
1784169485496,Back
1784169485507,Front
1784169485540,Front
1784169485573,Front
1784169485607,Front
1784169485640,Front
1784169485673,Front
1784169485707,Front
1784169485740,Front
1784169485773,Front
1784169485807,Front
1784169485840,Front
1784169485873,Front
1784169485907,Front
1784169485940,Front
1784169485973,Front
1784169486007,Front
1784169486040,Front
1784169486073,Front
1784169486107,Front
1784169486140,Front
1784169486173,Front
1784169486207,Front
1784169486240,Front
1784169486273,Front
1784169486307,Front
1784169486340,Front
1784169486373,Front
1784169486407,Front
1784169486440,Front
1784169486473,Front
1784169485530,Back
1784169485563,Back
1784169485596,Back
1784169485630,Back
1784169485663,Back
1784169485696,Back
1784169485730,Back
1784169485763,Back
1784169485796,Back
1784169485830,Back
1784169485863,Back
1784169485896,Back
1784169485930,Back
1784169485963,Back
1784169485996,Back
1784169486030,Back
1784169486063,Back
1784169486096,Back
1784169486130,Back
1784169486163,Back
1784169486196,Back
1784169486230,Back
1784169486263,Back
1784169486297,Back
1784169486330,Back
1784169486363,Back
1784169486397,Back
1784169486430,Back
1784169486463,Back
1784169486507,Front
1784169486540,Front
1784169486573,Front
1784169486607,Front
1784169486640,Front
1784169486673,Front
1784169486707,Front
1784169486740,Front
1784169486773,Front
1784169486807,Front
1784169486840,Front
1784169486873,Front
1784169486907,Front
1784169486940,Front
1784169486973,Front
1784169487007,Front
1784169487040,Front
1784169487073,Front
1784169487107,Front
1784169487140,Front
1784169487173,Front
1784169487207,Front
1784169487240,Front
1784169487273,Front
1784169487307,Front
1784169487340,Front
1784169487373,Front
1784169487407,Front
1784169487440,Front
1784169487473,Front
1784169486497,Back
1784169486530,Back
1784169486563,Back
1784169486597,Back
1784169486630,Back
1784169486663,Back
1784169486697,Back
1784169486730,Back
1784169486763,Back
1784169486797,Back
1784169486830,Back
1784169486863,Back
1784169486897,Back
1784169486930,Back
1784169486963,Back
1784169486997,Back
1784169487030,Back
1784169487063,Back
1784169487097,Back
1784169487130,Back
1784169487164,Back
1784169487197,Back
1784169487230,Back
1784169487264,Back
1784169487297,Back
1784169487330,Back
1784169487364,Back
1784169487397,Back
1784169487430,Back
1784169487464,Back
1784169487497,Back
1784169487507,Front
1784169487540,Front
1784169487573,Front
1784169487607,Front
1784169487640,Front
1784169487673,Front
1784169487707,Front
1784169487740,Front
1784169487773,Front
1784169487807,Front
1784169487840,Front
1784169487873,Front
1784169487907,Front
1784169487940,Front
1784169487973,Front
1784169488007,Front
1784169488040,Front
1784169488073,Front
1784169488107,Front
1784169488140,Front
1784169488173,Front
1784169488207,Front
1784169488240,Front
1784169488273,Front
1784169488307,Front
1784169488340,Front
1784169488373,Front
1784169488407,Front
1784169488440,Front
1784169488473,Front
1784169487530,Back
1784169487564,Back
1784169487597,Back
1784169487630,Back
1784169487664,Back
1784169487697,Back
1784169487730,Back
1784169487764,Back
1784169487797,Back
1784169487830,Back
1784169487864,Back
1784169487897,Back
1784169487930,Back
1784169487964,Back
1784169487997,Back
1784169488031,Back
1784169488064,Back
1784169488097,Back
1784169488131,Back
1784169488164,Back
1784169488197,Back
1784169488231,Back
1784169488264,Back
1784169488297,Back
1784169488331,Back
1784169488364,Back
1784169488397,Back
1784169488431,Back
1784169488464,Back
1784169488497,Back
1784169488507,Front
1784169488540,Front
1784169488573,Front
1784169488607,Front
1784169488640,Front
1784169488673,Front
1784169488707,Front
1784169488740,Front
1784169488773,Front
1784169488807,Front
1784169488840,Front
1784169488873,Front
1784169488907,Front
1784169488940,Front
1784169488973,Front
1784169489007,Front
1784169489040,Front
1784169489073,Front
1784169489107,Front
1784169489140,Front
1784169489173,Front
1784169489207,Front
1784169489240,Front
1784169489273,Front
1784169489307,Front
1784169489340,Front
1784169489373,Front
1784169489407,Front
1784169489440,Front
1784169489473,Front
1784169488531,Back
1784169488564,Back
1784169488597,Back
1784169488631,Back
1784169488664,Back
1784169488697,Back
1784169488731,Back
1784169488764,Back
1784169488797,Back
1784169488831,Back
1784169488864,Back
1784169488898,Back
1784169488931,Back
1784169488964,Back
1784169488998,Back
1784169489031,Back
1784169489064,Back
1784169489098,Back
1784169489131,Back
1784169489164,Back
1784169489198,Back
1784169489231,Back
1784169489264,Back
1784169489298,Back
1784169489331,Back
1784169489364,Back
1784169489398,Back
1784169489431,Back
1784169489464,Back
1784169489498,Back
1784169489507,Front
1784169489540,Front
1784169489573,Front
1784169489607,Front
1784169489640,Front
1784169489673,Front
1784169489707,Front
1784169489740,Front
1784169489773,Front
1784169489807,Front
1784169489840,Front
1784169489873,Front
1784169489907,Front
1784169489940,Front
1784169489973,Front
1784169490007,Front
1784169490040,Front
1784169490073,Front
1784169490107,Front
1784169490140,Front
1784169490173,Front
1784169490207,Front
1784169490240,Front
1784169490273,Front
1784169490307,Front
1784169490340,Front
1784169490373,Front
1784169490407,Front
1784169490440,Front
1784169490473,Front
1784169489531,Back
1784169489564,Back
1784169489598,Back
1784169489631,Back
1784169489664,Back
1784169489698,Back
1784169489731,Back
1784169489765,Back
1784169489798,Back
1784169489831,Back
1784169489865,Back
1784169489898,Back
1784169489931,Back
1784169489965,Back
1784169489998,Back
1784169490031,Back
1784169490065,Back
1784169490098,Back
1784169490131,Back
1784169490165,Back
1784169490198,Back
1784169490231,Back
1784169490265,Back
1784169490298,Back
1784169490331,Back
1784169490365,Back
1784169490398,Back
1784169490431,Back
1784169490465,Back
1784169490498,Back
1784169490507,Front
1784169490540,Front
1784169490573,Front
1784169490607,Front
1784169490640,Front
1784169490673,Front
1784169490707,Front
1784169490740,Front
1784169490773,Front
1784169490807,Front
1784169490840,Front
1784169490873,Front
1784169490907,Front
1784169490940,Front
1784169490973,Front
1784169491007,Front
1784169491040,Front
1784169491073,Front
1784169491107,Front
1784169491140,Front
1784169491173,Front
1784169491207,Front
1784169491240,Front
1784169491273,Front
1784169491307,Front
1784169491340,Front
1784169491373,Front
1784169491407,Front
1784169491440,Front
1784169491473,Front
1784169491507,Front
1784169490531,Back
1784169490565,Back
1784169490598,Back
1784169490631,Back
1784169490665,Back
1784169490698,Back
1784169490732,Back
1784169490765,Back
1784169490798,Back
1784169490832,Back
1784169490865,Back
1784169490898,Back
1784169490932,Back
1784169490965,Back
1784169490998,Back
1784169491032,Back
1784169491065,Back
1784169491098,Back
1784169491132,Back
1784169491165,Back
1784169491198,Back
1784169491232,Back
1784169491265,Back
1784169491298,Back
1784169491332,Back
1784169491365,Back
1784169491398,Back
1784169491432,Back
1784169491465,Back
1784169491498,Back
1784169491540,Front
1784169491573,Front
1784169491607,Front
1784169491640,Front
1784169491673,Front
1784169491707,Front
1784169491740,Front
1784169491773,Front
1784169491807,Front
1784169491840,Front
1784169491873,Front
1784169491907,Front
1784169491940,Front
1784169491973,Front
1784169492007,Front
1784169492040,Front
1784169492073,Front
1784169492107,Front
1784169492140,Front
1784169492173,Front
1784169492207,Front
1784169492240,Front
1784169492273,Front
1784169492307,Front
1784169492340,Front
1784169492373,Front
1784169492407,Front
1784169492440,Front
1784169492473,Front
1784169492507,Front
1784169491532,Back
1784169491565,Back
1784169491599,Back
1784169491632,Back
1784169491665,Back
1784169491699,Back
1784169491732,Back
1784169491765,Back
1784169491799,Back
1784169491832,Back
1784169491865,Back
1784169491899,Back
1784169491932,Back
1784169491965,Back
1784169491999,Back
1784169492032,Back
1784169492065,Back
1784169492099,Back
1784169492132,Back
1784169492165,Back
1784169492199,Back
1784169492232,Back
1784169492265,Back
1784169492299,Back
1784169492332,Back
1784169492365,Back
1784169492399,Back
1784169492432,Back
1784169492466,Back
1784169492499,Back
1784169492540,Front
1784169492573,Front
1784169492607,Front
1784169492640,Front
1784169492673,Front
1784169492707,Front
1784169492740,Front
1784169492773,Front
1784169492807,Front
1784169492840,Front
1784169492873,Front
1784169492907,Front
1784169492940,Front
1784169492973,Front
1784169493007,Front
1784169493040,Front
1784169493073,Front
1784169493107,Front
1784169493140,Front
1784169493173,Front
1784169493207,Front
1784169493240,Front
1784169493273,Front
1784169493307,Front
1784169493340,Front
1784169493373,Front
1784169493407,Front
1784169493440,Front
1784169493473,Front
1784169492532,Back
1784169492566,Back
1784169492599,Back
1784169492632,Back
1784169492666,Back
1784169492699,Back
1784169492732,Back
1784169492766,Back
1784169492799,Back
1784169492832,Back
1784169492866,Back
1784169492899,Back
1784169492932,Back
1784169492966,Back
1784169492999,Back
1784169493032,Back
1784169493066,Back
1784169493099,Back
1784169493132,Back
1784169493166,Back
1784169493199,Back
1784169493232,Back
1784169493266,Back
1784169493299,Back
1784169493333,Back
1784169493366,Back
1784169493399,Back
1784169493433,Back
1784169493466,Back
1784169493499,Back
1784169493507,Front
1784169493540,Front
1784169493573,Front
1784169493607,Front
1784169493640,Front
1784169493673,Front
1784169493707,Front
1784169493740,Front
1784169493773,Front
1784169493807,Front
1784169493840,Front
1784169493873,Front
1784169493907,Front
1784169493940,Front
1784169493973,Front
1784169494007,Front
1784169494040,Front
1784169494073,Front
1784169494107,Front
1784169494140,Front
1784169494173,Front
1784169494207,Front
1784169494240,Front
1784169494273,Front
1784169494307,Front
1784169494340,Front
1784169494373,Front
1784169494407,Front
1784169494440,Front
1784169494473,Front
1784169493533,Back
1784169493566,Back
1784169493599,Back
1784169493633,Back
1784169493666,Back
1784169493699,Back
1784169493733,Back
1784169493766,Back
1784169493799,Back
1784169493833,Back
1784169493866,Back
1784169493899,Back
1784169493933,Back
1784169493966,Back
1784169493999,Back
1784169494033,Back
1784169494066,Back
1784169494099,Back
1784169494133,Back
1784169494166,Back
1784169494200,Back
1784169494233,Back
1784169494266,Back
1784169494300,Back
1784169494333,Back
1784169494366,Back
1784169494400,Back
1784169494433,Back
1784169494466,Back
1784169494500,Back
1784169494507,Front
1784169494540,Front
1784169494573,Front
1784169494607,Front
1784169494640,Front
1784169494673,Front
1784169494707,Front
1784169494740,Front
1784169494773,Front
1784169494807,Front
1784169494840,Front
1784169494873,Front
1784169494907,Front
1784169494940,Front
1784169494973,Front
1784169495007,Front
1784169495040,Front
1784169495073,Front
1784169495107,Front
1784169495140,Front
1784169495173,Front
1784169495207,Front
1784169495240,Front
1784169495273,Front
1784169495307,Front
1784169495340,Front
1784169495373,Front
1784169494533,Back
1784169494566,Back
1784169494600,Back
1784169494633,Back
1784169494666,Back
1784169494700,Back
1784169494733,Back
1784169494766,Back
1784169494800,Back
1784169494833,Back
1784169494866,Back
1784169494900,Back
1784169494933,Back
1784169494966,Back
1784169495000,Back
1784169495033,Back
1784169495067,Back
1784169495100,Back
1784169495133,Back
1784169495167,Back
1784169495200,Back
1784169495233,Back
1784169495267,Back
1784169495300,Back
1784169495333,Back
1784169495367,Back
1784169495400,Back
